1757173940.3387654,1757173941.1437201,0.8049547672271729
1757173941.2289708,1757173942.0354116,0.8064408302307129
1757174610.456807,1757174611.2528305,0.7960236072540283
1757174611.488693,1757174612.28719,0.7984969615936279
1757174612.4657981,1757174613.2571526,0.7913544178009033
1757174613.4342566,1757174614.2413728,0.8071162700653076
1757174614.420381,1757174615.2249324,0.804551362991333
1757174615.4037147,1757174616.20271,0.7989952564239502
1757174616.3814306,1757174617.1774156,0.7959849834442139
1757174617.3544972,1757174618.1624315,0.8079342842102051
1757174618.3417816,1757174619.1233077,0.7815260887145996
1757174619.347186,1757174620.165551,0.8183648586273193
1757174620.3534005,1757174621.1537838,0.8003833293914795
1757174621.3356662,1757174622.1349514,0.7992851734161377
1757174622.2070131,1757174623.0234752,0.8164620399475098
1757174624.761733,1757174625.5895815,0.8278484344482422
1757174629.967851,1757174630.7625742,0.7947232723236084
1757174630.9452224,1757174631.7326207,0.7873983383178711
1757174631.9157352,1757174632.7176461,0.8019108772277832
1757174632.8973486,1757174633.6651266,0.7677779197692871
1757174633.8433065,1757174634.6210093,0.777702808380127
1757174634.8003185,1757174635.5887742,0.7884557247161865
1757174635.7693334,1757174636.557685,0.7883515357971191
1757174636.7382293,1757174637.5166178,0.778388500213623
1757174637.698016,1757174638.484462,0.7864460945129395
1757174638.6643503,1757174639.441529,0.7771787643432617
1757174639.627015,1757174640.4076948,0.7806797027587891
1757174640.5899112,1757174641.384421,0.7945098876953125
1757174641.5671833,1757174642.3516307,0.784447431564331
1757174642.5332372,1757174643.322093,0.788855791091919
1757174643.503818,1757174644.298864,0.7950458526611328
1757174644.4762337,1757174645.251624,0.7753903865814209
1757174645.429374,1757174646.2189035,0.78952956199646
1757175096.38912,1757175097.1825204,0.7934002876281738
1757175097.4154627,1757175098.2161303,0.8006675243377686
1757175098.3952477,1757175099.2027194,0.807471752166748
1757175099.3841095,1757175100.188094,0.8039844036102295
1757175100.3700023,1757175101.1724513,0.8024489879608154
1757175101.3544,1757175102.1557662,0.8013663291931152
1757175102.3354287,1757175103.1316078,0.7961790561676025
1757175103.3114662,1757175104.1277807,0.8163144588470459
1757175104.3078802,1757175105.1039264,0.796046257019043
1757175105.28389,1757175106.089082,0.8051919937133789
1757175106.26897,1757175107.0676646,0.7986946105957031
1757175107.2474144,1757175108.0503426,0.8029282093048096
1757175108.230842,1757175109.0282207,0.7973785400390625
1757175109.2079186,1757175110.0011675,0.7932488918304443
1757175110.1805198,1757175110.9825063,0.8019864559173584
1757175111.1640503,1757175111.9735749,0.8095245361328125
1757175112.1541991,1757175112.9695616,0.8153624534606934
1757175113.1495492,1757175113.9634783,0.8139290809631348
1757175114.143688,1757175114.95896,0.8152720928192139
1757175115.1397903,1757175115.9493115,0.8095211982727051
1757175116.1302547,1757175116.9288747,0.7986199855804443
1757175117.108127,1757175117.9114375,0.8033103942871094
1757175118.0925786,1757175118.8962665,0.8036878108978271
1757175119.0758917,1757175119.8776422,0.8017504215240479
1757175120.0567577,1757175120.8665168,0.8097591400146484
1757175121.04502,1757175121.8466947,0.8016746044158936
1757175122.0278163,1757175122.8243937,0.7965774536132812
1757175123.004992,1757175123.8043401,0.7993481159210205
1757175123.9854023,1757175124.7974052,0.8120028972625732
1757175124.9776516,1757175125.7809055,0.8032538890838623
1757175125.9629707,1757175126.7766092,0.81363844871521
1757175126.955999,1757175127.7589216,0.8029227256774902
1757175127.9400215,1757175128.751084,0.8110625743865967
1757175128.9328935,1757175129.736182,0.803288459777832
1757175129.91759,1757175130.7656775,0.8480875492095947
1757175130.9456296,1757175131.740253,0.7946233749389648
1757175131.920339,1757175132.7350597,0.814720630645752
1757175132.9167533,1757175133.7248306,0.808077335357666
1757175133.90854,1757175134.714879,0.8063390254974365
1757175134.897013,1757175135.704314,0.8073010444641113
1757175135.8849251,1757175136.688082,0.803156852722168
1757175136.8710163,1757175137.6730967,0.8020803928375244
1757175137.8907561,1757175138.691495,0.8007388114929199
1757175138.9109879,1757175139.7118676,0.800879716873169
1757175139.8927035,1757175140.69514,0.802436351776123
1757175157.394857,1757175158.1961792,0.8013222217559814
1757175158.4342227,1757175159.2319431,0.7977204322814941
1757175159.4141269,1757175160.2385643,0.8244373798370361
1757175160.4215941,1757175161.2370505,0.8154563903808594
1757175161.4203413,1757175162.2341955,0.8138542175292969
1757175162.415855,1757175163.238557,0.822702169418335
1757175163.421367,1757175164.239188,0.8178210258483887
1757175164.425414,1757175165.2409806,0.8155665397644043
1757175165.4281912,1757175166.232399,0.8042078018188477
1757175166.4168637,1757175167.2522004,0.8353366851806641
1757175167.4373043,1757175168.2517667,0.814462423324585
1757175168.4396286,1757175169.2490554,0.8094267845153809
1757175169.4328136,1757175170.235078,0.8022644519805908
1757175170.4195156,1757175171.240049,0.820533275604248
1757175171.425201,1757175172.2505603,0.8253593444824219
1757175172.4366152,1757175173.2617648,0.8251495361328125
1757175173.4459333,1757175174.276069,0.8301355838775635
1757175174.4616332,1757175175.2943268,0.8326935768127441
1757175175.4807284,1757175176.3051565,0.8244280815124512
1757175176.490743,1757175177.3103864,0.819643497467041
1757175177.4968138,1757175178.3251698,0.8283560276031494
1757175178.5104349,1757175179.333797,0.8233621120452881
1757175179.520486,1757175180.3540332,0.8335471153259277
1757175180.5370426,1757175181.3370752,0.8000326156616211
1757175181.5209956,1757175182.3304038,0.8094081878662109
1757175182.5078974,1757175183.3048549,0.7969574928283691
1757175183.4884937,1757175184.3113017,0.822808027267456
1757175184.495621,1757175185.3304267,0.8348057270050049
1757175185.5134733,1757175186.3342402,0.8207669258117676
1757175186.5136044,1757175187.3241787,0.8105742931365967
1757175187.5029638,1757175188.3114772,0.8085134029388428
1757175188.4908864,1757175189.2878036,0.796917200088501
1757175189.4689262,1757175190.2735307,0.8046045303344727
1757175190.4593196,1757175191.2596843,0.8003647327423096
1757175191.4414787,1757175192.2929292,0.8514504432678223
1757175192.474679,1757175193.2939527,0.8192737102508545
1757175193.4772635,1757175194.2935407,0.816277265548706
1757175194.4776063,1757175195.2939227,0.8163163661956787
1757175195.4782786,1757175196.3009877,0.8227090835571289
1757175196.4847047,1757175197.2864935,0.8017888069152832
1757175197.470576,1757175198.281071,0.8104948997497559
1757175198.465192,1757175199.290814,0.8256218433380127
1757175199.511842,1757175200.3122473,0.8004052639007568
1757175200.5340633,1757175201.336973,0.8029096126556396
1757175201.5192983,1757175202.3295722,0.8102738857269287
1757175202.5103974,1757175203.3224974,0.8120999336242676
1757175203.5093563,1757175204.3230507,0.8136944770812988
1757175204.5084102,1757175205.3310292,0.8226189613342285
1757175205.519192,1757175206.327689,0.8084969520568848
1757175206.5102751,1757175207.3143806,0.8041055202484131
1757175207.5000522,1757175208.3026843,0.8026320934295654
1757175208.4882426,1757175209.2973428,0.8091001510620117
1757175209.4831634,1757175210.292253,0.8090896606445312
1757175210.4772687,1757175211.2927926,0.8155238628387451
1757175211.4766655,1757175212.2868059,0.8101403713226318
1757175212.4713123,1757175213.2811096,0.8097972869873047
1757175213.462592,1757175214.276623,0.8140311241149902
1757175214.4592707,1757175215.271886,0.8126153945922852
1757175215.4536293,1757175216.260985,0.8073556423187256
1757175216.4424286,1757175217.252487,0.8100583553314209
1757175217.435636,1757175218.2611046,0.8254685401916504
1757175218.450477,1757175219.2616198,0.8111429214477539
1757175219.4462938,1757175220.2920706,0.8457767963409424
1757175220.480945,1757175221.2976034,0.8166582584381104
1757175221.4846447,1757175222.315934,0.8312892913818359
1757175222.5156667,1757175223.3319476,0.8162808418273926
1757175223.5142002,1757175224.3249059,0.8107056617736816
1757175224.5084903,1757175225.316007,0.8075165748596191
1757175225.499559,1757175226.3092058,0.8096468448638916
1757175226.4926596,1757175227.3027298,0.810070276260376
1757175227.4866033,1757175228.298114,0.8115108013153076
1757175228.5002775,1757175229.3127356,0.8124580383300781
1757175229.5080676,1757175230.3410285,0.832960844039917
1757175230.5216649,1757175231.3389785,0.8173136711120605
1757175231.518514,1757175232.3305159,0.8120019435882568
1757175232.5974164,1757175233.4318645,0.8344480991363525
1757175233.6146395,1757175234.4261103,0.8114707469940186
1757175234.6061711,1757175235.4082243,0.8020532131195068
1757175235.5871758,1757175236.3938103,0.8066344261169434
1757175236.6154778,1757175237.4241698,0.8086919784545898
1757175237.605671,1757175238.4176478,0.8119769096374512
1757175238.5971034,1757175239.4087431,0.8116397857666016
1757175239.589159,1757175240.4029703,0.8138113021850586
1757175240.5820477,1757175241.3899639,0.8079161643981934
1757175241.5720618,1757175242.39596,0.8238983154296875
1757175242.577006,1757175243.3890135,0.8120074272155762
1757175243.5702336,1757175244.3968828,0.8266491889953613
1757175244.5779984,1757175245.3969953,0.8189969062805176
1757175245.5772595,1757175246.4122047,0.8349452018737793
1757175246.6137223,1757175247.4208858,0.8071634769439697
1757175247.60352,1757175248.4285061,0.8249862194061279
1757175248.6092317,1757175249.4295287,0.8202970027923584
1757175249.613521,1757175250.4395092,0.8259880542755127
1757175250.6189911,1757175251.4389808,0.8199896812438965
1757175251.6208458,1757175252.4379818,0.8171360492706299
1757175252.6191325,1757175253.4311726,0.8120400905609131
1757175253.6126685,1757175254.4275732,0.8149046897888184
1757175254.6084547,1757175255.4290967,0.8206419944763184
1757175255.6161122,1757175256.4772854,0.861173152923584
1757175256.663669,1757175257.5071466,0.8434774875640869
1757175257.6940162,1757175258.5286186,0.8346023559570312
1757175258.713891,1757175259.5252109,0.8113198280334473
1757175259.7137752,1757175260.5294766,0.8157014846801758
1757175260.7146425,1757175261.5310783,0.8164358139038086
1757175261.7162423,1757175262.545633,0.8293907642364502
1757175262.730146,1757175263.5460517,0.8159058094024658
1757175263.7255096,1757175264.526775,0.8012652397155762
1757175264.7118483,1757175265.522798,0.8109498023986816
1757175265.706909,1757175266.5088065,0.8018975257873535
1757175266.6925333,1757175267.4864914,0.7939581871032715
1757175267.6693738,1757175268.4702694,0.8008956909179688
1757175268.6928308,1757175269.5106971,0.817866325378418
1757175269.6899302,1757175270.48412,0.7941896915435791
1757175270.6647093,1757175271.4802165,0.815507173538208
1757175271.6654458,1757175272.4672596,0.8018138408660889
1757175272.650526,1757175273.4499075,0.7993814945220947
1757175273.6330492,1757175274.440071,0.8070218563079834
1757175274.6236944,1757175275.433886,0.8101916313171387
1757175275.6199687,1757175276.4362273,0.8162586688995361
1757175276.6193137,1757175277.431019,0.8117053508758545
1757175277.6524029,1757175278.4713075,0.8189046382904053
1757175278.6567276,1757175279.4634569,0.8067293167114258
1757175279.6473362,1757175280.4642239,0.816887617111206
1757175280.649549,1757175281.446794,0.7972450256347656
1757175281.6316757,1757175282.4427292,0.8110535144805908
1757175282.6239498,1757175283.42722,0.8032703399658203
1757175283.6083443,1757175284.4142098,0.8058655261993408
1757175284.5954013,1757175285.4151232,0.8197219371795654
1757175285.6001267,1757175286.3992615,0.7991347312927246
1757175286.5803711,1757175287.3867085,0.8063373565673828
1757175287.5692024,1757175288.3755975,0.8063950538635254
1757175288.5586314,1757175289.3805814,0.8219499588012695
1757175289.565411,1757175290.3844671,0.8190560340881348
1757175290.566497,1757175291.3810365,0.8145394325256348
1757175291.5650406,1757175292.3979414,0.8329007625579834
1757175292.584909,1757175293.3891368,0.8042278289794922
1757175755.3778121,1757175756.1770132,0.7992010116577148
1757175756.4169338,1757175757.2143373,0.7974035739898682
1757175757.401884,1757175758.1795294,0.7776453495025635
1757175758.360015,1757175759.1542106,0.7941956520080566
1757175759.3351145,1757175760.1033275,0.7682130336761475
1757175760.2807295,1757175761.052007,0.7712774276733398
1757175761.229589,1757175762.0040636,0.7744746208190918
1757175762.1880662,1757175762.9837694,0.7957031726837158
1757175763.1673117,1757175763.942667,0.775355339050293
1757175764.1255188,1757175764.9049387,0.7794198989868164
1757175765.086336,1757175765.873625,0.7872891426086426
1757175766.054357,1757175766.8340933,0.7797362804412842
1757175767.0174136,1757175767.8034391,0.7860255241394043
1757175767.9836326,1757175768.7692432,0.7856106758117676
1757175768.948642,1757175769.7287097,0.7800676822662354
1757175769.9119868,1757175770.6882625,0.776275634765625
1757175770.8702672,1757175771.6491845,0.7789173126220703
1757175771.826935,1757175772.608136,0.7812008857727051
1757175772.7852173,1757175773.5697608,0.784543514251709
1757175773.748023,1757175774.526465,0.7784419059753418
1757175774.7042727,1757175775.4861856,0.7819128036499023
1757175775.663089,1757175776.4457107,0.7826216220855713
1757175776.621428,1757175777.3838906,0.7624626159667969
1757175777.5602684,1757175778.3298376,0.7695691585540771
1757175778.5055091,1757175779.2715595,0.7660503387451172
1757175779.4470794,1757175780.2176654,0.7705860137939453
1757175780.397456,1757175781.1731415,0.7756855487823486
1757175781.354504,1757175782.1199312,0.7654271125793457
1757175782.3000803,1757175783.0760767,0.7759964466094971
1757175783.2526712,1757175784.0285225,0.7758512496948242
1757175784.20463,1757175784.9680848,0.7634549140930176
1757175785.1457498,1757175785.9203963,0.774646520614624
1757175786.0986218,1757175786.8695562,0.7709343433380127
1757175797.9292617,1757175798.7331374,0.8038756847381592
1757175798.9712634,1757175799.7774937,0.8062303066253662
1757175799.9621391,1757175800.775093,0.8129539489746094
1757175800.955904,1757175801.763456,0.8075520992279053
1757175801.9439397,1757175802.7383938,0.7944540977478027
1757175802.932572,1757175803.737755,0.8051831722259521
1757175803.9205532,1757175804.721515,0.8009617328643799
1757175804.9021995,1757175805.6862648,0.7840652465820312
1757175805.8676627,1757175806.65635,0.7886872291564941
1757175806.8379688,1757175807.6205678,0.7825989723205566
1757175807.8009536,1757175808.587515,0.7865614891052246
1757175808.7690804,1757175809.5758317,0.8067512512207031
1757175809.7567234,1757175810.568653,0.8119297027587891
1757175810.7496953,1757175811.561774,0.8120787143707275
1757175811.7442727,1757175812.5554142,0.8111414909362793
1757175812.7388368,1757175813.5492394,0.8104026317596436
1757175813.730844,1757175814.5381634,0.8073194026947021
1757175814.719863,1757175815.5314045,0.8115415573120117
1759846204.57074,1759846205.3371956,0.7664556503295898
1759846205.4677935,1759846206.3052464,0.8374528884887695
1759846206.3781137,1759846207.159062,0.7809481620788574
1759846207.2495577,1759846208.108622,0.8590643405914307
1759846212.273783,1759846213.1061196,0.8323366641998291
1759846213.187882,1759846213.9732125,0.7853305339813232
1759846214.0594513,1759846214.8326344,0.7731831073760986
1759846214.9044347,1759846215.6953108,0.7908761501312256
1759846215.770912,1759846216.5479887,0.7770767211914062
1759846216.6274211,1759846217.4224968,0.7950756549835205
1759846217.4981465,1759846218.2702127,0.7720661163330078
1759846218.3437507,1759846219.1183674,0.7746167182922363
1759846219.1967096,1759846219.971111,0.7744014263153076
1759846220.0493798,1759846220.8284786,0.7790987491607666
1759846220.9038706,1759846221.6761296,0.772258996963501
1759846221.7525427,1759846222.567275,0.8147323131561279
1759846222.6425867,1759846223.415518,0.7729313373565674
1759846223.4920774,1759846224.2743423,0.7822649478912354
1759846224.3516257,1759846225.1998029,0.8481771945953369
1759846225.284298,1759846226.0682015,0.7839035987854004
1759846226.1996567,1759846227.0344212,0.8347644805908203
1759846231.198949,1759846231.987857,0.7889080047607422
1759846232.064824,1759846232.846163,0.7813389301300049
1759846232.9235818,1759846233.7168055,0.7932236194610596
1759846233.7950315,1759846234.5831864,0.7881548404693604
1759846369.1872184,1759846370.024661,0.8374426364898682
1759846370.1625159,1759846371.0165787,0.8540627956390381
1759846371.1706076,1759846372.01108,0.8404724597930908
1759846376.2134376,1759846377.0216646,0.8082270622253418
1759846377.1434534,1759846377.948326,0.8048727512359619
1759846378.1308901,1759846378.92526,0.7943699359893799
1759846379.049437,1759846379.8486028,0.7991657257080078
1759846379.9769769,1759846380.7706313,0.7936544418334961
1759846380.9041438,1759846381.7215846,0.8174407482147217
1759846381.8472056,1759846382.658327,0.8111214637756348
1759846382.799243,1759846383.5959482,0.7967052459716797
1759846383.7259507,1759846384.504216,0.7782652378082275
1759846384.6365724,1759846385.4297566,0.7931842803955078
1759846385.5638046,1759846386.3642747,0.8004701137542725
1759846386.4994924,1759846387.2960176,0.796525239944458
1759846387.4275582,1759846388.2463794,0.8188211917877197
1759846388.3762693,1759846389.1775281,0.8012588024139404
1759846389.3176968,1759846390.1121182,0.7944214344024658
1759846390.2959974,1759846391.1026087,0.8066112995147705
1759846391.232785,1759846392.0406494,0.8078644275665283
1759846392.1681964,1759846392.972098,0.8039016723632812
1759846393.0997481,1759846393.8950434,0.795295238494873
1759846394.026944,1759846394.8563128,0.8293688297271729
1759846394.9869716,1759846395.7730873,0.7861156463623047
1759846395.9016182,1759846396.690249,0.7886307239532471
1759846614.9064052,1759846615.6883917,0.7819864749908447
1759846615.8923604,1759846616.6976256,0.8052651882171631
1759846616.8455057,1759846617.734178,0.8886723518371582
1759846617.941404,1759846618.8428528,0.9014487266540527
1759846619.0307522,1759846619.930091,0.8993387222290039
1759846624.104714,1759846624.9698713,0.8651573657989502
1759846625.1191423,1759846625.9986129,0.8794705867767334
1759846626.1498356,1759846626.9867232,0.8368875980377197
1759846627.1351807,1759846627.9962158,0.8610351085662842
1759846628.1955287,1759846629.0581658,0.8626370429992676
1759846629.2923374,1759846630.1564684,0.864130973815918
1759846630.2918615,1759846631.1240473,0.8321857452392578
1759846631.2610931,1759846632.0426695,0.78157639503479
1759846632.1892037,1759846633.0443137,0.8551099300384521
1759846633.199967,1759846634.0706573,0.8706903457641602
1759846634.2687602,1759846635.1807222,0.9119620323181152
1759846635.3450112,1759846636.16739,0.8223788738250732
1759848660.453541,1759848661.2276235,0.7740824222564697
1759848661.3631637,1759848662.14201,0.778846263885498
1759848662.2847774,1759848663.0612097,0.7764322757720947
1759848663.1993172,1759848663.98574,0.7864227294921875
1759848664.1272902,1759848664.9273322,0.800041913986206
1759848665.1118343,1759848665.897281,0.7854466438293457
1759848666.0299582,1759848666.8128164,0.78285813331604
1759848666.9419496,1759848667.7245624,0.7826128005981445
1759848667.8543518,1759848668.6398952,0.7855434417724609
1759848668.7752562,1759848669.5643103,0.7890541553497314
1759848669.6886764,1759848670.487411,0.7987346649169922
1759848670.6163955,1759848671.4030159,0.7866203784942627
1759848671.5350087,1759848672.3238213,0.7888126373291016
1759848672.4666443,1759848673.271212,0.804567813873291
1759848673.4054627,1759848674.1883018,0.7828390598297119
1759848674.330782,1759848675.1194057,0.7886238098144531
1759848675.2524421,1759848676.040201,0.7877588272094727
1759848676.1649244,1759848676.9581654,0.793241024017334
1759848677.150369,1759848677.9949968,0.844627857208252
1759848678.134674,1759848678.9776428,0.8429687023162842
1759848679.1320949,1759848679.9400563,0.8079614639282227
1759848680.0890176,1759848680.9217877,0.8327701091766357
1759848685.1461697,1759848685.9246047,0.7784349918365479
1759848686.067422,1759848686.8476446,0.7802226543426514
1759848686.977522,1759848687.765339,0.7878170013427734
1759848687.89528,1759848688.673503,0.7782230377197266
1759848688.7994702,1759848689.583347,0.783876895904541
1759848689.7352567,1759848690.5152383,0.7799816131591797
1759848690.6417165,1759848691.4103997,0.7686831951141357
1759848691.537077,1759848692.3130095,0.7759325504302979
1759848692.4527905,1759848693.231051,0.7782604694366455
1759848693.4079185,1759848694.19052,0.7826015949249268
1759848694.3201737,1759848695.106012,0.7858383655548096
1759848695.2419074,1759848696.0239387,0.7820312976837158
1759848696.1591406,1759848696.9522521,0.7931115627288818
1759848697.083018,1759848697.8811343,0.7981162071228027
1759848698.0126662,1759848698.7967243,0.7840580940246582
1759848698.94692,1759848699.7327096,0.7857897281646729
1759848714.9837024,1759848715.778149,0.7944464683532715
1759848715.9202986,1759848716.728151,0.8078525066375732
1759848716.8533149,1759848717.655691,0.8023760318756104
1759848717.7867296,1759848718.587213,0.8004834651947021
1759848718.7295194,1759848719.532301,0.8027815818786621
1759848719.658133,1759848720.4683874,0.8102543354034424
1759848720.649816,1759848721.4452636,0.795447587966919
1759848721.5719867,1759848722.3796856,0.8076989650726318
1759848722.506086,1759848723.3171914,0.8111052513122559
1759848723.4417815,1759848724.2498348,0.8080532550811768
1759848724.3896923,1759848725.188999,0.7993066310882568
1759848725.3169963,1759848726.116523,0.7995266914367676
1759848726.2461298,1759848727.053915,0.8077852725982666
1759848727.1815486,1759848727.9753091,0.7937605381011963
1759848728.1031847,1759848728.89312,0.7899353504180908
1759848729.0273058,1759848729.8190904,0.7917845249176025
1759848729.944601,1759848730.7425375,0.7979364395141602
1759848730.8651981,1759848731.6646318,0.799433708190918
1759848731.8430495,1759848732.6690402,0.8259906768798828
1759848732.7978668,1759848733.5918365,0.7939696311950684
1759848733.7162948,1759848734.5127792,0.7964844703674316
1759848734.642936,1759848735.4498937,0.8069577217102051
1759848735.5746415,1759848736.3847244,0.8100829124450684
1759848736.5110793,1759848737.300422,0.7893426418304443
1759848737.4296992,1759848738.2272036,0.7975044250488281
1759848738.3522255,1759848739.1549337,0.8027081489562988
1759848739.2787192,1759848740.0673158,0.7885966300964355
1759848740.1894882,1759848740.9958944,0.8064062595367432
1759848741.127212,1759848741.9323926,0.805180549621582
1759848742.0584989,1759848742.8733914,0.8148925304412842
1759848743.0034945,1759848743.8088672,0.8053727149963379
1759848743.9877803,1759848744.7946281,0.8068478107452393
1759848744.9200487,1759848745.7597854,0.8397367000579834
1759848745.8882413,1759848746.6842806,0.796039342880249
1759848746.8253813,1759848747.6229045,0.7975232601165771
1759848747.7477825,1759848748.5548904,0.8071079254150391
1759848748.682317,1759848749.4799035,0.7975864410400391
1759848749.6093972,1759848750.4262197,0.8168225288391113
1759848750.5487282,1759848751.3503573,0.8016290664672852
1759848751.4757328,1759848752.284923,0.8091902732849121
1759848752.414357,1759848753.214778,0.8004209995269775
1759848753.3400092,1759848754.1541505,0.8141412734985352
1759848754.2867773,1759848755.0865366,0.7997593879699707
1759848755.2141821,1759848756.0148616,0.8006794452667236
1759848756.2078998,1759848757.0064895,0.7985897064208984
1759848757.1354342,1759848757.95994,0.8245058059692383
1759848758.088224,1759848758.8891642,0.8009402751922607
1759848759.0129545,1759848759.814366,0.8014116287231445
1759848759.9418209,1759848760.7506707,0.8088498115539551
1759848760.8801417,1759848761.6722791,0.7921373844146729
1759848761.8088012,1759848762.6188622,0.810060977935791
1759848762.751153,1759848763.5686028,0.8174498081207275
1759848763.695085,1759848764.5063634,0.8112783432006836
1759848764.6480322,1759848765.4588916,0.8108594417572021
1759848765.5867255,1759848766.3862534,0.7995278835296631
1759848766.522872,1759848767.3257685,0.8028964996337891
1759848767.4509962,1759848768.246706,0.7957098484039307
1759848768.4241893,1759848769.2244313,0.8002419471740723
1759848769.352064,1759848770.1590638,0.806999921798706
1759848770.2908237,1759848771.0896888,0.7988650798797607
1759848771.2153652,1759848772.0214365,0.8060712814331055
1759848772.1504052,1759848772.9666715,0.8162662982940674
1759848773.0942416,1759848773.8954735,0.801231861114502
1759848774.0224302,1759848774.8383248,0.815894603729248
1759848774.9682024,1759848775.777994,0.8097915649414062
1759848775.9232259,1759848776.7354143,0.8121883869171143
1759848776.8590622,1759848777.6748164,0.8157541751861572
1759848777.803099,1759848778.6050649,0.8019659519195557
1759848778.7850685,1759848779.5925837,0.8075151443481445
1759848779.728698,1759848780.5373228,0.8086247444152832
1759848780.6635463,1759848781.465834,0.8022875785827637
1759848781.5948117,1759848782.3927271,0.7979154586791992
1759848782.5281723,1759848783.3314016,0.8032293319702148
1759848783.4590385,1759848784.2550862,0.7960476875305176
1759848784.3814182,1759848785.1778536,0.7964353561401367
1759848785.3044035,1759848786.1154304,0.8110268115997314
1759848786.256076,1759848787.0488555,0.7927794456481934
1759848787.1864185,1759848788.0039856,0.8175671100616455
1759848825.3686595,1759848826.156789,0.7881295680999756
1759848826.3016415,1759848827.0905366,0.7888951301574707
1759848827.23728,1759848828.06345,0.8261702060699463
1759848828.2022893,1759848829.001692,0.7994027137756348
1759848829.1273751,1759848829.9369311,0.8095560073852539
1759848830.0696676,1759848830.9112353,0.8415677547454834
1759848831.0546813,1759848831.855196,0.8005146980285645
1759848831.9843512,1759848832.7871704,0.8028192520141602
1759848832.9241724,1759848833.7243607,0.8001883029937744
1759848833.8509822,1759848834.638233,0.7872507572174072
1759848834.7772222,1759848835.574738,0.797515869140625
1759848835.7033658,1759848836.498567,0.795201301574707
1759848836.6272779,1759848837.4184484,0.791170597076416
1759848837.552572,1759848838.3427227,0.7901506423950195
1759848838.4707253,1759848839.258711,0.7879858016967773
1759848839.3913803,1759848840.1814313,0.7900509834289551
1759848840.3160603,1759848841.1154027,0.7993423938751221
1759848841.2921576,1759848842.101255,0.8090972900390625
1759848842.2275386,1759848843.0308075,0.8032689094543457
1759848843.1575325,1759848843.9595194,0.8019869327545166
1759848844.0873628,1759848844.8813326,0.7939698696136475
1759848845.0077097,1759848845.8036652,0.7959554195404053
1759848845.9271293,1759848846.7261164,0.7989871501922607
1759848846.858769,1759848847.6566405,0.7978715896606445
1759848847.7877955,1759848848.5927436,0.804948091506958
1759848848.7239094,1759848849.5346916,0.8107821941375732
1759848849.666146,1759848850.4847746,0.8186285495758057
1759848850.6101868,1759848851.4058182,0.7956314086914062
1759848851.5412433,1759848852.3534677,0.8122243881225586
1759848852.544873,1759848853.3438032,0.7989301681518555
1759848853.468435,1759848854.2644713,0.7960362434387207
1759848854.3901484,1759848855.2020085,0.8118600845336914
1759848855.3247905,1759848856.1298666,0.8050761222839355
1759848856.2521553,1759848857.056164,0.8040087223052979
1759848857.1997514,1759848857.9871635,0.787412166595459
1759848858.1244705,1759848858.9362607,0.8117902278900146
1759848859.0609593,1759848859.8485017,0.7875423431396484
1759848859.9740558,1759848860.7710133,0.7969574928283691
1759848860.8931723,1759848861.6823761,0.7892038822174072
1759848861.8122108,1759848862.6160376,0.8038268089294434
1759848862.7405348,1759848863.539448,0.7989132404327393
1759848863.664978,1759848864.4605498,0.7955718040466309
1759848864.6429355,1759848865.448763,0.8058273792266846
1759848865.5818613,1759848866.37928,0.7974188327789307
1759848866.5075862,1759848867.3323126,0.8247263431549072
