1755954613.5290685,1755954613.8418791,0.31281065940856934
1755954619.2767947,1755954619.548857,0.2720623016357422
1755954621.200629,1755954621.484422,0.28379297256469727
1755954623.1364872,1755954623.4161963,0.2797091007232666
1755954625.0608425,1755954625.3320394,0.2711968421936035
1755960029.5594118,1755960029.9206126,0.36120080947875977
1755960034.8418355,1755960035.1842492,0.34241366386413574
1755960036.9332273,1755960037.271544,0.3383166790008545
1755960039.0712993,1755960039.4454012,0.3741018772125244
1755960041.1504953,1755960041.487607,0.3371117115020752
1755960043.2026129,1755960043.5564861,0.35387325286865234
1755960045.2721705,1755960045.6297035,0.35753297805786133
1755960047.318114,1755960047.6759644,0.3578503131866455
1755960049.374684,1755960049.726462,0.3517777919769287
1755960051.4089162,1755960051.766904,0.3579878807067871
1755960053.4267128,1755960053.7680266,0.34131383895874023
1755960055.535038,1755960055.8734658,0.3384277820587158
1755960057.5238738,1755960057.871902,0.34802818298339844
1755960059.5272725,1755960059.8920205,0.3647480010986328
1755960061.5808697,1755960061.9401765,0.35930681228637695
1755960063.6509495,1755960064.0234342,0.3724846839904785
1755960065.7300212,1755960066.1706026,0.4405813217163086
1755960067.8848686,1755960068.2565043,0.37163567543029785
1755960070.049832,1755960070.4253402,0.37550806999206543
1755960072.200723,1755960072.5765252,0.37580227851867676
1755960074.3615143,1755960074.7419913,0.3804769515991211
1755960076.5467966,1755960076.912245,0.3654484748840332
1755960078.7469773,1755960079.1204865,0.37350916862487793
1755960080.9182992,1755960081.292986,0.37468671798706055
1755960083.0577674,1755960083.4206948,0.3629274368286133
1755960085.1132607,1755960085.500621,0.3873603343963623
1755961817.258553,1755961817.6818779,0.4233248233795166
1755961824.0831099,1755961824.4293292,0.3462193012237549
1755961826.0469053,1755961826.3816478,0.33474254608154297
1755961828.0111325,1755961828.3494976,0.3383650779724121
1755961830.0184026,1755961830.4084845,0.39008188247680664
1755961832.07409,1755961832.429992,0.35590195655822754
1755961834.1078,1755961834.4486313,0.34083127975463867
1755962039.187426,1755962039.5954173,0.4079911708831787
1755962043.6465695,1755962044.017153,0.37058353424072266
1755962047.8686407,1755962048.2333126,0.3646719455718994
1755962049.7297301,1755962050.0992572,0.36952710151672363
1755962051.5665956,1755962051.9801493,0.41355371475219727
1755962053.4507465,1755962053.8359222,0.3851757049560547
1755962055.373797,1755962055.7291176,0.35532069206237793
1755962057.2614968,1755962057.6172183,0.35572147369384766
1755962059.1469321,1755962059.5282097,0.38127756118774414
1755962061.0362017,1755962061.4029865,0.36678481101989746
1755962062.961484,1755962063.3433928,0.3819088935852051
1755962064.9000556,1755962065.284599,0.38454341888427734
1755962066.7402904,1755962067.1258602,0.38556981086730957
1755962068.604181,1755962068.9839385,0.3797574043273926
1755962070.444493,1755962070.8311112,0.38661813735961914
1755962072.3733819,1755962072.7707527,0.3973708152770996
1755962074.2398558,1755962074.6159317,0.37607598304748535
1755962076.1349318,1755962076.519274,0.3843421936035156
1755962077.9653814,1755962078.3570602,0.3916788101196289
1755962079.803649,1755962080.220008,0.41635894775390625
1755962081.7196496,1755962082.1103356,0.39068603515625
1755962083.5409415,1755962083.924151,0.3832094669342041
1755962085.3867152,1755962085.778646,0.39193081855773926
1755962087.26771,1755962087.6577687,0.3900587558746338
1755962089.111213,1755962089.5052633,0.39405035972595215
1755962091.0279408,1755962091.4156802,0.3877394199371338
1755962092.9947598,1755962093.3904183,0.3956584930419922
1755962094.9408474,1755962095.3382883,0.39744091033935547
1755962096.8836493,1755962097.2541494,0.3705000877380371
1755962098.8153636,1755962099.196574,0.3812103271484375
1755965260.5378857,1755965260.8381596,0.3002738952636719
1755965265.4431105,1755965265.7286286,0.28551816940307617
1755965270.316934,1755965270.610112,0.29317784309387207
1755965276.1005075,1755965276.3658376,0.26533007621765137
1755965277.929099,1755965278.1910172,0.2619180679321289
1755965279.7404907,1755965280.0070617,0.266571044921875
1755965281.5783055,1755965281.8624322,0.28412675857543945
1755965283.4269104,1755965283.6935666,0.26665616035461426
1755965285.2388225,1755965285.503361,0.2645385265350342
1755965287.039374,1755965287.306812,0.2674379348754883
1755965288.8376772,1755965289.1055732,0.2678959369659424
1755965293.6876616,1755965293.9768274,0.289165735244751
1755965430.3336008,1755965430.6821208,0.34852004051208496
1755965434.6500967,1755965435.0151439,0.3650472164154053
1755965438.89269,1755965439.2634535,0.37076354026794434
1755965440.763665,1755965441.1498437,0.38617873191833496
1755965442.6653442,1755965443.0202541,0.35490989685058594
1755965444.5528533,1755965444.9451556,0.3923022747039795
1755965446.5049367,1755965446.876133,0.37119626998901367
1755965448.472529,1755965448.8535533,0.3810243606567383
1755965964.277058,1755965964.6312273,0.3541693687438965
1755965971.0336578,1755965971.3852248,0.35156702995300293
1755965973.016472,1755965973.349864,0.3333919048309326
1755965974.9890957,1755965975.3230073,0.333911657333374
1755965977.0215595,1755965977.360908,0.33934855461120605
1755965979.0363855,1755965979.435084,0.3986985683441162
1755965981.1062067,1755965981.4754367,0.3692300319671631
1755965983.1402283,1755965983.5104918,0.37026357650756836
1755965985.162247,1755965985.5461984,0.38395142555236816
1755965987.1884217,1755965987.5329447,0.34452295303344727
1755965989.1683915,1755965989.5669496,0.3985581398010254
1755965991.199502,1755965991.5667999,0.367297887802124
1755965993.1920307,1755965993.559429,0.3673982620239258
1755965995.2109938,1755965995.5770166,0.36602282524108887
1755965997.2297602,1755965997.5986648,0.36890459060668945
1755965999.3187408,1755965999.6722343,0.35349345207214355
1755966001.3902192,1755966001.7434669,0.35324764251708984
1755966003.375167,1755966003.729461,0.3542940616607666
1755966124.9389324,1755966125.2864695,0.3475370407104492
1755966129.2915556,1755966129.702878,0.41132235527038574
1755966133.5574226,1755966133.923486,0.36606335639953613
1755966135.3966558,1755966135.7632225,0.36656665802001953
1755966137.271396,1755966137.646539,0.37514305114746094
1755966139.1437044,1755966139.516551,0.3728466033935547
1755966141.0732942,1755966141.5477421,0.47444796562194824
1755970419.5188665,1755970419.8882399,0.3693733215332031
1755970423.2934346,1755970423.6539989,0.3605642318725586
1755970427.6034951,1755970427.9881687,0.3846735954284668
1755970429.4668062,1755970429.8374588,0.3706526756286621
1755970431.3190787,1755970431.6861522,0.36707353591918945
1755970433.1715686,1755970433.5570972,0.385528564453125
1755970435.1275516,1755970435.4936101,0.3660585880279541
1755970436.9907715,1755970437.3691943,0.37842273712158203
1755970438.8843045,1755970439.248098,0.36379337310791016
1755970440.7519279,1755970441.1546063,0.4026784896850586
1755970442.667083,1755970443.024499,0.35741591453552246
1755970444.5073376,1755970444.9368467,0.42950916290283203
1755970446.419662,1755970446.797664,0.3780019283294678
1755970448.2589128,1755970448.6393082,0.38039541244506836
1755970450.1020164,1755970450.4802594,0.37824296951293945
1755970451.947645,1755970452.3458471,0.39820218086242676
1755970453.814473,1755970454.1984334,0.383960485458374
1755971603.56194,1755971603.9209538,0.35901379585266113
1755971849.7112358,1755971850.0016491,0.29041337966918945
1755972798.4163532,1755972798.7067451,0.2903919219970703
1755972801.0973704,1755972801.3763433,0.278972864151001
1755972803.8189595,1755972804.114814,0.2958545684814453
1755972806.4867039,1755972806.7611043,0.2744004726409912
1755973135.0842502,1755973135.373502,0.28925180435180664
1755973139.225387,1755973139.4927251,0.2673380374908447
1755973143.346294,1755973143.6389208,0.29262685775756836
1755975307.6090689,1755975307.90376,0.2946910858154297
1755975313.5087025,1755975313.7637477,0.25504517555236816
1755975319.370167,1755975319.665215,0.2950479984283447
1755975325.220473,1755975325.4883654,0.26789236068725586
1755975327.114938,1755975327.380787,0.26584887504577637
1755975329.0298233,1755975329.302808,0.27298474311828613
1755975330.9357913,1755975331.19737,0.2615787982940674
1755975332.8350554,1755975333.1204197,0.28536438941955566
1755975334.7445517,1755975335.01118,0.2666282653808594
1755975336.7716665,1755975337.089529,0.31786251068115234
1755975338.8220313,1755975339.0950875,0.2730562686920166
1755975340.8557255,1755975341.1315694,0.27584385871887207
1755975342.948925,1755975343.2314575,0.2825324535369873
1755975344.8812668,1755975345.1694827,0.28821587562561035
1755975346.8120956,1755975347.0842419,0.27214622497558594
1755975348.8150418,1755975349.0840752,0.26903343200683594
1755975350.7965555,1755975351.0665243,0.26996874809265137
1755975352.7959082,1755975353.066353,0.2704448699951172
1755975354.777636,1755975355.0970664,0.3194303512573242
1755975356.807337,1755975357.080226,0.2728888988494873
1755975358.8195162,1755975359.097646,0.27812981605529785
1755975360.8082557,1755975361.0905585,0.2823028564453125
1755975362.694023,1755975362.9695592,0.27553629875183105
1755975364.550856,1755975364.8258162,0.2749600410461426
1755975661.9199207,1755975662.2194698,0.2995491027832031
1755975666.9643767,1755975667.2538779,0.2895011901855469
1755975671.847585,1755975672.1276085,0.28002357482910156
1755975676.9288983,1755975677.2061996,0.2773013114929199
1755975678.8400471,1755975679.115935,0.27588796615600586
1755975680.7711446,1755975681.0458255,0.27468085289001465
1755975682.7117388,1755975683.0093493,0.2976105213165283
1755975684.6508632,1755975684.9283788,0.2775156497955322
1755975686.5777485,1755975686.860241,0.28249239921569824
1755975688.5203013,1755975688.8008444,0.28054308891296387
1755975690.452117,1755975690.7350943,0.2829773426055908
1755975692.374867,1755975692.6758902,0.3010232448577881
1755975694.2872353,1755975694.6218698,0.33463454246520996
1755975696.2819626,1755975696.585824,0.3038613796234131
1755975698.1990337,1755975698.5079942,0.3089604377746582
1755975700.1509728,1755975700.4415135,0.2905406951904297
1755975702.0382128,1755975702.3476143,0.3094015121459961
1755975703.9797733,1755975704.2683294,0.2885560989379883
1755975705.884432,1755975706.1758413,0.2914092540740967
1755975707.791518,1755975708.0846496,0.29313158988952637
1755975709.7178156,1755975710.009835,0.2920193672180176
1755975711.6366181,1755975711.9305272,0.29390907287597656
1755975713.5578678,1755975713.8522503,0.29438257217407227
1755975715.4678538,1755975715.7658734,0.2980196475982666
1755975717.5168066,1755975717.8175828,0.30077624320983887
1755975719.6253283,1755975719.9211688,0.2958405017852783
1755975721.6683943,1755975721.9704437,0.3020493984222412
1755975723.6888313,1755975723.9894774,0.3006460666656494
1755975725.7466254,1755975726.0666964,0.3200709819793701
1755981809.310628,1755981809.62467,0.3140420913696289
1755981813.5868132,1755981813.8762574,0.2894442081451416
1755981817.732869,1755981818.0239437,0.2910747528076172
1755981822.0062475,1755981822.2998278,0.2935802936553955
1755981829.2345011,1755981829.518363,0.2838618755340576
1755981831.225877,1755981831.4896073,0.2637302875518799
1755981833.1817777,1755981833.4550545,0.27327680587768555
1755981835.1483135,1755981835.4188025,0.270488977432251
1755981837.1347876,1755981837.4059253,0.27113771438598633
1755981839.098915,1755981839.3666759,0.2677607536315918
1755981841.0770733,1755981841.3982863,0.3212130069732666
1755981843.1186235,1755981843.3933086,0.2746851444244385
1755981845.077884,1755981845.353524,0.27564001083374023
1755981847.038547,1755981847.3074682,0.2689211368560791
1755981848.9491837,1755981849.2422347,0.29305100440979004
1755981850.8904674,1755981851.1661844,0.27571702003479004
1755981852.8304007,1755981853.1079907,0.2775900363922119
1755981854.75121,1755981855.0249124,0.27370238304138184
1755981856.6791303,1755981856.9570737,0.27794337272644043
1755981858.6429539,1755981858.9195194,0.2765655517578125
1755981860.662648,1755981860.9444993,0.28185129165649414
1755981862.5674534,1755981862.8450942,0.27764081954956055
1755981864.487148,1755981864.7649322,0.2777841091156006
1755981866.437098,1755981866.7211635,0.28406548500061035
1755981868.3837957,1755981868.6715999,0.28780412673950195
1755981870.4145153,1755981870.6944325,0.27991724014282227
1755981872.4149506,1755981872.6937451,0.278794527053833
1755981874.4288836,1755981874.775241,0.3463573455810547
1755981876.5293865,1755981876.84348,0.31409358978271484
1755981878.6061265,1755981878.891486,0.28535938262939453
1755997813.7234755,1755997814.02647,0.3029944896697998
1755997816.5755417,1755997816.8617828,0.2862410545349121
1755997819.4286015,1755997819.7135258,0.2849242687225342
1755997822.248308,1755997822.5350904,0.28678250312805176
1755997825.0908282,1755997825.3789976,0.28816938400268555
1755997826.8746836,1755997827.1662939,0.2916102409362793
1755997828.6780167,1755997828.9655871,0.2875704765319824
1755997830.4594455,1755997830.7460625,0.2866170406341553
1755997832.2297795,1755997832.5298321,0.3000526428222656
1755997834.0331993,1755997834.3289516,0.29575228691101074
1755997835.8393266,1755997836.238458,0.39913129806518555
1755997837.7952726,1755997838.0976977,0.3024251461029053
1755997839.5946867,1755997839.8874388,0.2927520275115967
1755997841.3644314,1755997841.6655252,0.30109381675720215
1755997843.2095017,1755997843.5224054,0.31290364265441895
1755997845.0561962,1755997845.374488,0.31829190254211426
1755997846.8890977,1755997847.2087235,0.3196258544921875
1755997848.733395,1755997849.1029363,0.3695411682128906
1755997850.588391,1755997850.9534311,0.3650400638580322
1755997852.4336345,1755997852.7264802,0.2928457260131836
1755997854.287403,1755997854.6024764,0.31507325172424316
1755997856.2392848,1755997856.551499,0.3122141361236572
1755997858.1393921,1755997858.4416957,0.3023035526275635
1755997860.0398257,1755997860.3841949,0.34436917304992676
1755997861.9589064,1755997862.2662613,0.3073549270629883
1755997863.8525033,1755997864.1997876,0.34728431701660156
1755997865.6432436,1755997865.953605,0.310361385345459
1755998025.9301777,1755998026.2813966,0.35121893882751465
1755998028.7634444,1755998029.034435,0.27099061012268066
1755998031.4829311,1755998031.7511523,0.2682211399078369
1755998036.1460917,1755998036.429052,0.2829604148864746
1755998038.0671828,1755998038.3359652,0.268782377243042
1755998039.9730515,1755998040.2417245,0.2686729431152344
1755998041.8487015,1755998042.121109,0.27240753173828125
1755998043.738127,1755998044.0160642,0.2779371738433838
1755998045.6295867,1755998045.9629786,0.3333919048309326
1755998047.579097,1755998047.8726792,0.2935822010040283
1755998049.5026572,1755998049.7788415,0.2761843204498291
1755998051.3799253,1755998051.6568246,0.2768993377685547
1755998053.2886982,1755998053.5869281,0.2982299327850342
1755998055.190101,1755998055.4733827,0.2832818031311035
1755998057.044166,1755998057.3230085,0.2788424491882324
1755998058.8979037,1755998059.1801434,0.2822396755218506
1755998060.775894,1755998061.054703,0.2788090705871582
1755998062.656517,1755998062.9544232,0.29790616035461426
1755998064.5942504,1755998064.8920093,0.2977588176727295
1755998066.5111513,1755998066.866902,0.35575079917907715
1755998068.4657028,1755998068.7604783,0.29477548599243164
1755998070.4237077,1755998070.7073772,0.28366947174072266
1755998072.4417934,1755998072.7263508,0.2845573425292969
1755998074.433644,1755998074.719822,0.2861778736114502
1755998076.388762,1755998076.673381,0.2846190929412842
1755998078.3430004,1755998078.6260977,0.2830972671508789
1755998080.285564,1755998080.5726893,0.2871253490447998
1755998082.2093942,1755998082.496357,0.28696274757385254
1755998084.2051818,1755998084.4946773,0.28949546813964844
1755999298.313837,1755999298.5936947,0.2798576354980469
1755999301.00424,1755999301.305781,0.3015408515930176
1755999303.692619,1755999303.9732664,0.28064727783203125
1755999308.4017274,1755999308.6975832,0.2958557605743408
1755999312.9887755,1755999313.2784493,0.2896738052368164
1755999314.8310208,1755999315.1256833,0.2946624755859375
1755999316.7119367,1755999317.0091543,0.29721760749816895
1755999318.5216093,1755999318.8235755,0.30196619033813477
1755999320.3252938,1755999320.629185,0.3038911819458008
1755999322.1117527,1755999322.4024885,0.29073572158813477
1755999323.883539,1755999324.1764402,0.29290127754211426
1755999325.6561444,1755999325.9618645,0.30572009086608887
1755999327.4490848,1755999327.7571738,0.308089017868042
1755999329.2827766,1755999329.5901105,0.30733394622802734
1755999331.0912192,1755999331.4003239,0.30910468101501465
1755999332.858244,1755999333.146706,0.28846216201782227
1755999334.7139266,1755999335.0190184,0.30509185791015625
1755999336.5078573,1755999336.8189075,0.3110501766204834
1755999338.28888,1755999338.5962992,0.3074190616607666
1755999340.0740309,1755999340.3658662,0.29183530807495117
1755999341.8515184,1755999342.1487617,0.2972433567047119
1755999343.6776824,1755999343.9742317,0.29654932022094727
1755999345.570363,1755999345.8772287,0.3068656921386719
1755999347.5681913,1755999347.8674297,0.2992384433746338
1755999349.4380555,1755999349.7379618,0.29990625381469727
1755999351.3268106,1755999351.6347466,0.3079359531402588
1755999353.2088563,1755999353.5905771,0.38172078132629395
1755999355.260178,1755999355.5698965,0.30971837043762207
